{
    "0": {
        "num_layers": 5,
        "hidden_size_0": 224,
        "hidden_size_1": 448,
        "hidden_size_2": 352,
        "hidden_size_3": 192,
        "hidden_size_4": 64,
        "dropout_rate": 0.4050538533264525,
        "learning_rate": 4.780350795019291e-05,
        "num_epochs": 319,
        "mse": 0.006225269287824631
    },
    "1": {
        "num_layers": 3,
        "hidden_size_0": 480,
        "hidden_size_1": 384,
        "hidden_size_2": 416,
        "dropout_rate": 0.44518097355679764,
        "learning_rate": 0.002304746609800668,
        "num_epochs": 545,
        "mse": 0.006245138589292765
    },
    "2": {
        "num_layers": 5,
        "hidden_size_0": 352,
        "hidden_size_1": 448,
        "hidden_size_2": 256,
        "hidden_size_3": 192,
        "hidden_size_4": 448,
        "dropout_rate": 0.17408558184924283,
        "learning_rate": 0.0025472937879111885,
        "num_epochs": 571,
        "mse": 0.006284289062023163
    },
    "3": {
        "num_layers": 3,
        "hidden_size_0": 192,
        "hidden_size_1": 128,
        "hidden_size_2": 32,
        "dropout_rate": 0.45535305225857403,
        "learning_rate": 0.0001579210353563578,
        "num_epochs": 316,
        "mse": 0.006346737500280142
    },
    "4": {
        "num_layers": 5,
        "hidden_size_0": 32,
        "hidden_size_1": 256,
        "hidden_size_2": 384,
        "hidden_size_3": 192,
        "hidden_size_4": 448,
        "dropout_rate": 0.1053220383274805,
        "learning_rate": 0.0007478422569678054,
        "num_epochs": 494,
        "mse": 0.007683383766561747
    }
}